version,version_season,season_name,season,location,country,tribe_setup,n_cast,n_tribes,n_finalists,n_jury,full_name,winner_id,winner,runner_ups,final_vote,timeslot,premiered,ended,filming_started,filming_ended,viewers_reunion,viewers_premiere,viewers_finale,viewers_mean,rank
US,US51,Survivor  51,51,Mamanuca Islands  Fiji,Fiji,Twenty-one new castaways split into two starting trips Savu and Toka,21,1,,0,,,,,,Wednesday  8pm,9/23/2026,,4/18/2026,5/13/2026,,,,#NUM!,1
US,US50,Survivor  In the Hands of the Fans,50,Mamanuca Islands  Fiji,Fiji,Twenty-four returning players are split into three tribes of eight.,24,3,3,11,Aubry Bracco,US0477,Aubry,Jonathan  Joe,8/3/2000,Wednesday  8pm,2/25/2026,5/20/2026,6/5/2025,10/30/2026,,5060000,5800000,5113846.154,44
US,US49,Survivor  49,49,Mamanuca Islands  Fiji,Fiji,Three tribes of 18 new castaways,18,3,3,8,Savannah Louise,US0747,Savannah,Sophi  Sage,5/2/2001,Wednesday  8pm,9/24/2025,12/17/2025,4/20/2025,5/15/2025,,4030000,,4253333.333,51
US,US48,Survivor  48,48,Mamanuca Islands  Fiji,Fiji,Three tribes of 18 new castaways,18,3,3,8,Kyle Fraser,US0726,Kyle,Eva  Joe,5/2/2001,Wednesday  8pm,2/26/2025,5/21/2025,6/27/2024,7/22/2024,,4270000,4560000,4630000,49
US,US47,Survivor  47,47,Mamanuca Islands  Fiji,Fiji,Three tribes of 18 new castaways,18,3,3,8,Rachel LaMont,US0707,Rachel,Sam  Sue,7/1/2000,Wednesday  8pm,9/18/2024,12/18/2024,5/13/2024,5/7/2024,,4720000,5030000,4485000,50
US,US46,Survivor  46,46,Mamanuca Islands  Fiji,Fiji,Three tribes of 18 new castaways,18,3,3,8,Kenzie Petty,US0687,Kenzie,Charlie  Ben,5/3/2000,Wednesday  8pm,2/28/2024,5/22/2024,6/1/2023,6/26/2023,,4900000,4510000,4742307.692,48
US,US45,Survivor  45,45,Mamanuca Islands  Fiji,Fiji,Three tribes of 18 new castaways,18,3,3,8,Dee Valladares,US0666,Dee,Austin  Jake,5/3/2000,Wednesday  8pm,9/27/2023,12/20/2023,4/16/2023,5/11/2023,,5240000,4730000,4962307.692,47
US,US44,Survivor  44,44,Mamanuca Islands  Fiji,Fiji,Three tribes of 18 new castaways,18,3,3,8,Yam Yam Arocho,US0662,Yam Yam,Heidi  Carolyn,7/1/2000,Wednesday  8pm,3/1/2023,5/24/2023,6/5/2022,6/30/2022,,4760000,4410000,5003076.923,45
US,US43,Survivor  43,43,Mamanuca Islands  Fiji,Fiji,Three tribes of 18 new castaways,18,3,3,8,Mike Gabler,US0638,Gabler,Cassidy  Owen,7/1/2000,Wednesday  8pm,9/21/2022,12/14/2022,5/2/2022,5/27/2022,,5050000,4980000,4993846.154,46
US,US42,Survivor  42,42,Mamanuca Islands  Fiji,Fiji,Three tribes of 6 new players. This season was shortened to 26 days due to the COVID-19 pandemic.,18,3,3,8,Maryanne Oketch,US0619,Maryanne,Mike Turner  Romeo Escobar,7/1/2000,Wednesday 8 00 pm,3/9/2022,5/25/2022,5/16/2021,6/10/2021,,4960000,5110000,5367692.308,43
US,US41,Survivor  41,41,Mamanuca Islands  Fiji,Fiji,Three tribes of 6 new players. This season was shortened to 26 days due to the COVID-19 pandemic.,18,3,3,8,Erika Casupanan,US0594,Erika,Deshawn Radden  Xander Hastings,7/1/2000,Wednesday 8 00 pm,9/22/2021,5/25/2022,4/15/2021,5/10/2021,4,6250000,5820000,5695384.615,42
US,US40,Survivor  Winners at War,40,Mamanuca Islands  Fiji,Fiji,Two tribes of ten winners of past Survivor seasons.,20,2,3,16,Tony Vlachos,US0424,Tony,Natalie Anderson  Michele Fitzgerald,12/4/2000,Wednesday 8 00 pm,2/12/2020,12/15/2021,5/22/2019,6/29/2019,4.61,6680000,7940000,7639285.714,38
US,US39,Survivor  Island of the Idols,39,Mamanuca Islands  Fiji,Fiji,Two tribes of ten new players. Past winners Rob Mariano and Sandra Diaz-Twine feature as non-playing mentors,20,2,3,10,Tommy Sheehan,US0590,Tommy,Dean Kowalski  Noura Salman,8/2/2000,Wednesday 8 00 pm,9/25/2019,5/13/2020,3/21/2019,4/28/2019,4.61,6290000,6520000,6590000,41
US,US38,Survivor  Edge of Extinction,38,Mamanuca Islands  Fiji,Fiji,Two tribes of nine  including four returning players,18,2,3,13,Chris Underwood,US0559,Chris,Gavin Whitson  Julie Rosenberg,9/4/2000,Wednesday 8 00 pm,2/20/2019,12/18/2019,5/30/2018,7/7/2018,5.17,7750000,7210000,7432307.692,40
US,US37,Survivor  David vs. Goliath,37,Mamanuca Islands  Fiji,Fiji,Two tribes of ten new players divided by adversity   David  (underdogs) vs.  Goliath  (overachievers),20,2,3,10,Nick Wilson,US0556,Nick,Mike White  Angelina Keeley,7/3/2000,Wednesday 8 00 pm,9/26/2018,5/15/2019,3/29/2018,5/6/2018,5.17,7830000,7720000,7459230.769,39
US,US36,Survivor  Ghost Island,36,Mamanuca Islands  Fiji,Fiji,Two tribes of ten new players,20,2,3,11,Wendell Holland,US0536,Wendell,Domenick Abbate  Laurel Johnson,6/5/2000,Wednesday 8 00 pm,2/28/2018,12/19/2018,6/5/2017,7/13/2017,5.97,8190000,7310000,7994615.385,37
US,US35,Survivor  Heroes vs. Healers vs. Hustlers,35,Mamanuca Islands  Fiji,Fiji,Three tribes of six new players divided by dominant perceived trait   heroes  vs.  healers  vs.  hustlers ,18,3,3,8,Ben Driebergen,US0516,Ben,Chrissy Hofbeck  Ryan Ulrich,5/2/2001,Wednesday 8 00 pm,9/27/2017,5/23/2018,4/3/2017,5/11/2017,5.97,8330000,8700000,8253076.923,35
US,US34,Survivor  Game Changers,34,Mamanuca Islands  Fiji,Fiji,Two tribes of ten returning players,20,2,3,10,Sarah Lacina,US0414,Sarah,Brad Culpepper  Troy Robertson,7/3/2000,Wednesday 8 00 pm,3/8/2017,12/20/2017,6/6/2016,7/14/2016,6.4,7640000,8480000,8191666.667,36
US,US33,Survivor  Millennials vs. Gen X,33,Mamanuca Islands  Fiji,Fiji,Two tribes of ten new players divided by generation  millennials vs. Generation X,20,2,3,10,Adam Klein,US0498,Adam,Hannah Shapiro  Ken McNickle,10-0-0,Wednesday 8 00 pm,9/21/2016,5/24/2017,4/4/2016,5/12/2016,6.4,9460000,9090000,8583846.154,34
US,US32,Survivor  Kaoh Rong,32,Koh Rong  Cambodia,Cambodia,Three tribes of six new players divided by primary attribute   brains  vs.  brawn  vs.  beauty ,18,3,3,7,Michele Fitzgerald,US0478,Michele,Aubry Bracco  Tai Trang,5/2/2000,Wednesday 8 00 pm,2/17/2016,12/14/2016,3/30/2015,5/7/2015,6.49,8300000,9540000,9128571.429,32
US,US31,Survivor  Cambodia,31,Koh Rong  Cambodia,Cambodia,Two tribes of ten returning players who only played once before  have not won  and were selected by public vote,20,2,3,10,Jeremy Collins,US0433,Jeremy,Spencer Bledsoe  Tasha Fox,10-0-0,Wednesday 8 00 pm,9/23/2015,5/18/2016,5/31/2015,7/8/2015,6.49,9700000,9450000,9051428.571,33
US,US30,Survivor  Worlds Apart,30,San Juan del Sur  Rivas  Nicaragua,Nicaragua,Three tribes of six new players divided by social class   white collar  vs.  blue collar  vs.  no collar ,18,3,3,8,Mike Holloway,US0460,Mike,Carolyn Rivera  Will Sims II,6/1/2001,Wednesday 8 00 pm,2/25/2015,12/16/2015,8/4/2014,9/11/2014,7.31,10040000,9740000,9623571.429,28
US,US29,Survivor  San Juan del Sur,29,San Juan del Sur  Rivas  Nicaragua,Nicaragua,Nine pairs of new players  each with a pre-existing relationship  divided into two tribes of nine,18,2,3,8,Natalie Anderson,US0442,Natalie,Jaclyn Schultz  Missy Payne,5/2/2001,Wednesday 8 00 pm,9/24/2014,5/20/2015,6/2/2014,7/10/2014,7.31,9750000,9790000,9340000,31
US,US28,Survivor  Cagayan,28,Palaui Island  Santa Ana  Cagayan  Philippines,Philippines,Three tribes of six  new players divided by primary attribute   brawn  vs.  brains  vs.  beauty ,18,3,2,9,Tony Vlachos,US0424,Tony,Yung Hwang,1-Aug,Wednesday 8 00 pm,2/26/2014,12/17/2014,7/11/2013,8/18/2013,7.46,9400000,9580000,9611538.462,29
US,US27,Survivor  Blood vs. Water,27,Palaui Island  Santa Ana  Cagayan  Philippines,Philippines,Two tribes of ten  returning contestants against their loved ones,20,2,3,8,Tyson Apostol,US0274,Tyson,Monica Culpepper  Gervase Peterson,7/1/2000,Wednesday 8 00 pm,9/18/2013,5/21/2014,5/20/2013,6/27/2013,7.46,9730000,10190000,9753571.429,27
US,US26,Survivor  Caramoan,26,Caramoan  Camarines Sur  Philippines,Philippines,Two tribes of ten  new players against past contestants,20,2,3,8,John Cochran,US0348,Cochran,Dawn Meehan  Sherri Biethman,8-0-0,Wednesday 8 00 pm,2/13/2013,12/15/2013,5/21/2012,6/28/2012,8.77,8940000,10160000,9569285.714,30
US,US25,Survivor  Philippines,25,Caramoan  Camarines Sur  Philippines,Philippines,Three tribes of six  including three returning players who had been medically evacuated in a previous season,18,3,3,8,Denise Stapley,US0386,Denise,Lisa Whelchel  Michael Skupin,6/1/2001,Wednesday 8 00 pm,9/19/2012,5/12/2013,3/18/2012,4/25/2012,8.77,11370000,11460000,10353571.43,25
US,US24,Survivor  One World,24,San Juan del Sur  Rivas  Nicaragua,Nicaragua,Two tribes of nine new players divided by gender living on the same beach,18,2,3,9,Kim Spradlin,US0371,Kim,Sabrina Thompson  Chelsea Meissner,7/2/2000,Wednesday 8 00 pm,2/15/2012,12/16/2012,8/1/2011,9/8/2011,9.92,10790000,10340000,10236428.57,26
US,US23,Survivor  South Pacific,23,San Juan del Sur  Rivas  Nicaragua,Nicaragua,Upolu  Samoa,18,2,3,9,Sophie Clarke,US0353,Sophie,Benjamin Wade  Albert Destrade,6/3/2000,Wednesday 8 00 pm,9/14/2011,5/13/2012,5/30/2011,7/7/2011,9.92,10740000,13070000,11238571.43,23
US,US22,Survivor  Redemption Island,22,San Juan del Sur  Rivas  Nicaragua,Nicaragua,Two tribes of nine  including two returning players,18,2,3,9,Rob Mariano,US0055,Boston Rob,Phillip Sheppard  Natalie Tenerelli,8/1/2000,Wednesday 8 00 pm,2/16/2011,12/18/2011,8/16/2010,9/23/2010,10.97,11155000,13303000,11180857.14,24
US,US21,Survivor  Nicaragua,21,San Juan del Sur  Rivas  Nicaragua,Nicaragua,Two tribes of ten new players divided by age,20,2,3,9,Jud Birza,US0321,Fabio,Chase Rice  Matthew Lenahan,5/4/2000,Wednesday 8 00 pm,9/15/2010,5/15/2011,6/14/2010,7/22/2010,11.19,12230000,13580000,12242142.86,21
US,US20,Survivor  Heroes vs. Villains,20,Upolu  Samoa,Samoa,Two tribes of ten returning players divided by reputation   heroes  vs.  villains ,20,2,3,9,Sandra Diaz-Twine,US0112,Sandra,Parvati Shallow  Russell Hantz,6/3/2000,Thursday 8 00 pm,2/11/2010,12/19/2010,8/9/2009,9/16/2009,11.68,14150000,13460000,12436428.57,19
US,US19,Survivor  Samoa,19,Upolu  Samoa,Samoa,Two tribes of ten new players,20,2,3,9,Natalie White,US0301,Natalie,Russell Hantz  Mick Trimming,7/2/2000,Thursday 8 00 pm,9/17/2009,5/16/2010,6/11/2009,7/19/2009,11.68,11660000,13970000,12400714.29,20
US,US18,Survivor  Tocantins,18,Jalapao  Tocantins  Brazil,Brazil,Two tribes of eight new players,16,2,2,7,James Thomas Jr.,US0281,J.T.,Stephen Fishbach,Jul-00,Thursday 8 00 pm,2/12/2009,12/20/2009,11/2/2008,12/10/2008,11.74,13630000,12940000,12171538.46,22
US,US17,Survivor  Gabon,17,Wonga-Wongue Presidential Reserve  Estuaire  Gabon,Gabon,A schoolyard pick of two tribes of nine new players  starting with the oldest players,18,2,3,7,Robert Crowley,US0265,Bob,Susie Smith  Jessica Kiper,4/3/2000,Thursday 8 00 pm,9/25/2008,5/17/2009,6/23/2008,7/31/2008,11.74,13060000,13770000,12959166.67,17
US,US16,Survivor  Micronesia,16,Koror  Palau,Palau,Two tribes of ten  new players against past contestants,20,2,2,8,Parvati Shallow,US0197,Parvati,Amanda Kimmel,3-May,Thursday 8 00 pm,2/7/2008,12/14/2008,10/29/2007,12/6/2007,12.22,14020000,12920000,12545714.29,18
US,US15,Survivor  China,15,Zhelin  Jiujiang  Jiangxi  China,China,Two tribes of eight new players,16,2,3,7,Todd Herzog,US0237,Todd,Courtney Yates  Amanda Kimmel,4/2/2001,Thursday 8 00 pm,9/20/2007,5/11/2008,6/25/2007,8/2/2007,12.22,15350000,15180000,14363076.92,15
US,US14,Survivor  Fiji,14,Macuata  Vanua Levu  Fiji,Fiji,Two tribes of nine new players divided by one selected castaway  who would replace the first person voted out,19,2,3,9,Earl Cole,US0221,Earl,Cassandra Franklin  Andria Herd,9-0-0,Thursday 8 00 pm,2/8/2007,12/16/2007,10/30/2006,12/7/2006,13.53,16440000,13630000,14077857.14,16
US,US13,Survivor  Cook Islands,13,Aitutaki  Cook Islands,Islands,Four tribes of five new players divided by ethnicity  African Americans  Whites  Hispanics  and Asians,20,4,3,9,Yul Kwon,US0202,Yul,Ozzy Lusth  Becky Lee,5/4/2000,Thursday 8 00 pm,9/14/2006,5/13/2007,6/26/2006,8/3/2006,13.53,18000000,16420000,15642857.14,14
US,US12,Survivor  Panama,12,Pearl Islands  Panama,Panama,Four tribes of four new players divided by age and gender,16,4,2,7,Aras Baskauskas,US0182,Aras,Danielle DiLorenzo,2-May,Thursday 8 00 pm,2/2/2006,12/17/2006,10/31/2005,12/8/2005,15.21,19200000,17070000,16680714.29,13
US,US11,Survivor  Guatemala,11,Laguna Yaxha  Yaxha-Nakum-Naranjo National Park  Peten  Guatemala,Guatemala,Two tribes of nine  including two returning players,18,2,2,7,Danni Boatwright,US0166,Danni,Stephenie LaGrossa,1-Jun,Thursday 8 00 pm,9/15/2005,5/14/2006,6/27/2005,8/4/2005,15.21,18410000,21180000,18602857.14,12
US,US10,Survivor  Palau,10,Koror  Palau,Palau,A schoolyard pick of two tribes of nine new players each; two eliminated without a tribe,20,3,2,7,Tom Westman,US0150,Tom,Katie Gallagher,1-Jun,Thursday 8 00 pm,2/17/2005,12/11/2005,10/27/2004,12/4/2004,15.23,23660000,20800000,20456923.08,8
US,US09,Survivor  Vanuatu,9,Efate  Shefa  Vanuatu,Vanuatu,Two tribes of nine new players divided by gender,18,2,2,7,Chris Daugherty,US0130,Chris,Twila Tanner,2-May,Thursday 8 00 pm,9/16/2004,5/15/2005,6/28/2004,8/5/2004,15.23,20060000,19720000,19882307.69,11
US,US08,Survivor  All-Stars,8,Pearl Islands  Panama,Panama,Three tribes of six returning players,18,3,2,7,Amber Brkich,US0027,Amber,Rob Mariano,3-Apr,Thursday 8 00 pm,2/1/2004,12/12/2004,11/3/2003,12/11/2003,21.87,33270000,24760000,22692666.67,4
US,US07,Survivor  Pearl Islands,7,Pearl Islands  Panama,Panama,Two tribes of eight new players,16,2,2,7,Sandra Diaz-Twine,US0112,Sandra,Lillian Morris,1-Jun,Thursday 8 00 pm,9/18/2003,5/9/2004,6/23/2003,7/31/2003,21.87,21500000,25230000,20977142.86,7
US,US06,Survivor  The Amazon,6,Rio Negro  Amazonas  Brazil,Brazil,Two tribes of eight new players divided by gender,16,2,2,7,Jenna Morasca,US0096,Jenna,Matthew Von Ertfelda,1-Jun,Thursday 8 00 pm,2/13/2003,12/14/2003,11/7/2002,12/15/2002,20.43,23260000,22290000,19949230.77,10
US,US05,Survivor  Thailand,5,Ko Tarutao  Satun Province  Thailand,Thailand,Two tribes of eight new players; picked by the two oldest players,16,2,2,7,Brian Heidik,US0080,Brian,Clay Jordan,3-Apr,Thursday 8 00 pm,9/19/2002,5/11/2003,6/10/2002,7/18/2002,20.43,23050000,24080000,21120000,6
US,US04,Survivor  Marquesas,4,Nuku Hiva  Marquesas Islands  French Polynesia,France,Two tribes of eight new players,16,2,2,7,Vecepia Towery,US0064,Vecepia,Neleh Dennis,3-Apr,Thursday 8 00 pm,2/28/2002,12/19/2002,11/12/2001,12/20/2001,19.05,23190000,25870000,21281538.46,5
US,US03,Survivor  Africa,3,Shaba National Reserve  Kenya,Kenya,Two tribes of eight new players,16,2,2,7,Ethan Zohn,US0048,Ethan,Kim Johnson,2-May,Thursday 8 00 pm,10/11/2001,5/19/2002,7/11/2001,8/18/2001,19.05,23840000,27260000,20408461.54,9
US,US02,Survivor  The Australian Outback,2,Herbert River at Goshen Station  Queensland  Australia,Australia,Two tribes of eight new players,16,2,2,7,Tina Wesson,US0032,Tina,Colby Donaldson,3-Apr,Thursday 8 00 pm,1/28/2001,1/10/2002,10/23/2000,12/3/2000,28.01,45370000,36350000,30285000,2
US,US01,Survivor  Borneo,1,Pulau Tiga  Sabah  Malaysia,Malaysia,Two tribes of eight new players,16,2,2,7,Richard Hatch,US0016,Richard,Kelly Wiglesworth,3-Apr,Wednesday 8 00 pm,5/31/2000,5/3/2001,3/13/2000,4/20/2000,36.7,15510000,51690000,26395384.62,3
AU,AU12,Survivor Australia  Redemption,12,Upolu,Samoa,Divided into two tribes of 12  comprising of four returning Australian players,24,2,2,9,Caleb Beeby,AU0204,Caleb,Jackson,3-Jun,,2/23/2026,4/14/2026,8/4/2025,9/17/2025,462000,464000,462000,429083.3333,11
AU,AU11,Survivor  Australia vs. The World,11,Upolu,Samoa,Divided into two tribes of seven  the Aussie tribe  comprising of returning Australian players  would take on the World tribe  comprising of players from international editions,14,2,3,7,Parvati Shallow,US0197,Parvati,Luke  Janine,6/1/2000,,8/17/2025,9/7/2025,9/20/2024,10/4/2024,,1081000,764000,932700,1
AU,AU10,Survivor Australia  Brains vs. Brawn II,10,Upolu  Samoa,Samoa,Divided into two tribes  Brains and Brawn,24,2,2,8,Myles Kuah,AU0193,Myles,Kaelan,1-Jul,,2/17/2025,4/14/2025,7/29/2024,9/13/2024,,527000,560000,492375,9
AU,AU09,Survivor Australia  Titans vs. Rebels,9,Upolu  Samoa,Samoa,Divided into two tribes  the  utterly ruthless  Titans would take on the Rebels who live by a  different set of rules .,24,2,2,9,Feras Basial,AU0158,Feras,Caroline,Sep-00,,1/29/2024,3/19/2024,8/1/2023,9/16/2024,,460000,510000,433208.3333,10
AU,AU08,Survivor Australia  Heroes vs. Villains,8,Upolu,Samoa,Castaways were divided into tribes based on how they see themselves playing the game or  in the case of returnees  how they played the game in the past  either as Heroes or Villains. 11 out of the 24 players were reternees,24,2,3,7,Liz Parnov,AU0145,Liz,Matt  Gerry,7-0-0,Sunday  Monday  Tuesday  7 30pm,1/30/2023,3/27/2023,8/9/2022,9/24/2022,,447000,530000,413833.3333,12
AU,AU07,Survivor Australia  Blood vs. Water,7,Charters Towers,Australia,Blood v Water  The castaways were pairs of loved ones competing against each other,24,2,3,10,Mark Wales,AU0031,Mark,Chrissy  Shay,10-0-0,,1/31/2022,4/4/2022,10/7/2021,11/22/2021,,879000,1090000,845791.6667,2
AU,AU06,Survivor Australia  Brains vs. Brawn,6,Cloncurry  Queensland,Australia,The 24 contestants are divided into two tribes based on their intellect or strength.,24,2,2,9,Hayley Leake,AU0119,Hayley,George Mladenov,2-Jul,,7/18/2021,9/12/2021,4/24/2021,6/10/2021,,824000,785000,736208.3333,4
AU,AU05,Survivor Australia  All Stars,5,Savusavu,Fiji,Two tribes of 12 returning players,24,2,2,9,David Genat,AU0086,David,Sharn,1-Aug,,2/3/2020,3/30/2020,8/26/2019,10/14/2019,,624000,876000,634791.6667,7
AU,AU04,Survivor Australia  Champions vs. Contenders (2019),4,Savusavu,Fiji,Two tribes of twelve  champions vs contenders,24,2,2,9,Pia Miranda,AU0094,Pia,Baden,Sep-00,,7/24/2019,9/17/2019,5/4/2019,6/22/2019,,807000,940000,755125,3
AU,AU03,Survivor Australia  Champions vs. Contenders,3,Savusavu,Fiji,The 24 contestants were divided into two tribes based on celebrity status   Champions   composed of 12 people who have received accolades and fame for their exceptional work in their given fields  and  Contenders   composed of 12 non-celebrities.,24,2,2,9,Shane Gould,AU0071,Shane,Sharn Coombes,4-May,Sundays  Mondays  and Tuesdays at 7 30pm,5/3/2018,6/21/2018,10/9/2018,3/5/2018,,716000,862000,672375,6
AU,AU02,Survivor Australia  2017,2,Upolu,Samoa,The 24 contestants were initially divided into two tribes.,24,2,2,9,Jericho Malabonga,AU0048,Jericho,Tara Pitt,3-Jun,Sundays  Mondays  and Tuesdays at 7 30pm,7/30/2017,10/10/2017,5/6/2017,6/30/2017,508000,639000,720000,613769.2308,8
AU,AU01,Survivor Australia  2016,1,Upolu,Samoa,The 24 contestants were divided into three tribes,24,3,2,9,Kristie Bennet,AU0024,Kristie,Lee Carseldine,1-Aug,Sundays  Mondays  and Tuesdays at 7 30pm,8/21/2016,10/25/2016,5/23/2016,7/18/2016,,783000,859000,691769.2308,5
SA,SA09,Survivor South Africa  Return of the Outcasts,9,Sunshine Coast,South Africa,Cast of 20 returning castaways. 10 that were voted out pre-merge and 10 voted out post merge,20,2,2,9,Dino Paulo,SA0133,Dino,Shane,2-Jul,,7/18/2022,8/25/2022,1/24/2022,3/8/2022,,,,#NUM!,1
SA,SA08,Survivor South Africa  Immunity Island,8,Wild Coast  Eastern Cape,South Africa,The cast is composed of 20 players divided into two tribes  Vuna and Zamba  based on a random draw.,20,2,2,9,Nicole Wilmans,SA0146,Nicole,Anela Majozi,1-Aug,,6/3/2021,9/16/2021,11/6/2020,12/14/2020,,,,#NUM!,2
SA,SA07,Survivor South Africa  Island of Secrets,7,Upolu,Samoa,The 21 contestants were initially divided into three tribes of seven. Each week  selected castaways will be banished to the Island of Secrets where game advantages may or may not be available.,21,3,3,10,Robert Bentele,SA0126,Rob,Nicole Capper  Durao Mariano,6/4/2000,,5/16/2019,9/12/2019,2/4/2019,3/14/2019,,,,#NUM!,3
SA,SA06,Survivor South Africa  Philippines,6,El Nido  Palawan,Philippines,The cast is composed of 18 players  initially split into two tribes containing nine members each. A third tribe was introduced at the first tribe swap. Another tribe swap happened at a double tribal council  where two members from each tribe got swapped to the other tribe in attendance.,18,2,2,8,Tom Swartz,SA0105,Tom,Jeanne Michel,1-Jul,,5/3/2018,8/16/2018,1/15/2018,2/22/2018,,,,#NUM!,4
SA,SA05,Survivor South Africa  Champions,5,Johor,Malaysia,At Day 1  the tribes were divided by Schoolyard Pick  with the tribe captains (South African sports champions) choosing the players. Two tribes of ten.,20,2,3,8,Graham Jenneker,SA0087,Graham,Buhle Madlala  Sivu Xabanisa,5/3/2002,,1/19/2014,5/18/2014,10/1/2014,10/28/2013,,,,#NUM!,5
SA,SA04,Survivor South Africa  Maldives,4,Addu Atoll,Maldives,Two tribes  one of nine celebrities and one of ten non-celebrities ( plebs ),19,2,2,10,Hykie Berg,SA0067,Hykie,Letshego Moshoeu,3-Jul,,2/24/2011,5/26/2011,10/1/2010,10/28/2010,,,,#NUM!,6
SA,SA03,Survivor South Africa  Santa Carolina,3,Santa Carolina,Mozambique,The contestants were divided in two groups. One group with seven castaways were marooned on the beach to start building the camp  while the other group  with the remaining eleven castaways were marooned at the desert  would get crates with items for the camp life. They would reunite later at Day 1. At Day 1  before reuniting with the other group  the group of eleven castaways were instructed to vote for the two members they think was the weakest of the group. The two members voted as the weakest were taken away from the group to the Exile Island. Later that day  they were sent to meet the other contestants  were they would chose the tribes with a Schoolyard Pick.,18,2,2,8,GiGi van Schalkwyk,SA0048,GiGi,Ashley Hayden,2-Jun,,1/20/2010,4/28/2010,9/11/2020,9/12/2020,,,,#NUM!,7
SA,SA02,Survivor South Africa  Malaysia,2,Johor,Malaysia,Two tribes of 8 new players,16,2,2,5,Lorette Mostert,SA0030,Lorette,Grant,2-Mar,,8/22/2007,11/14/2007,5/15/2007,6/11/2007,,,,#NUM!,8
SA,SA01,Survivor South Africa  Panama,1,Pearl Islands,Panama,The 14 castaways were divided into two predetermined tribes of seven  the blue Aguila (Spanish for Eagle) and the red Rana (Spanish for Frog).,14,2,2,5,Vanessa Marawa,SA0010,Vanessa,Jacinda Louw,2-Mar,,9/3/2006,11/26/2006,6/6/2006,7/5/2006,,,,#NUM!,9
UK,UK03,Survivor UK  2023,3,Puerto Plata,Dominican Republic,2 tribes  18 new castaways,18,2,3,8,Matthew Haywood,UK0037,Matthew,Leilani  Christopher,6/1/2001,,,,,,,,,#NUM!,1
UK,UK02,Survivor UK  Panama,2,Bocas del Toro,Panama,Two tribes of six,12,2,2,6,Jonny Gibb,UK0028,Jonny,Susannah Moffat,Jul-00,,3/13/2002,5/29/2002,1/18/2002,2/23/2002,,,,#NUM!,2
UK,UK01,Survivor UK  Pulau Tiga,1,Pulau,Pulau Tiga,Two tribes of eight,16,2,2,7,Charlotte Hobrough,UK0016,Charlotte,Jackie Carey,Jul-00,,5/21/2021,7/25/2021,,,,,,#NUM!,3
NZ,NZ02,Survivor NZ  Thailand,2,Lake Vajiralongkorn  Khao Laem National Park,Thailand,Schoolyard pick where the winner of the first reward challenge selects another contestant to also select tribe members  alternating turns until there were two tribes of nine castaways,18,2,3,7,Lisa Stanger,NZ0034,Lisa,Tess  Dave,4/3/2000,4/22/2018,7/29/2018,1/1/2018,2/8/2018,,,,,#NUM!,1
NZ,NZ01,Survivor NZ  Nicaragua,1,San Juan del Sur  Rivas  Nicaragua,Nicaragua,Two teams of eight players,16,2,3,7,Avi Duckor-Jones,NZ0016,Avi,Thomas Paterson  Barbara Raos,6/1/2000,,5/7/2017,7/5/2017,8/1/2016,9/9/2016,,,,#NUM!,2
